{
  "fileList": [
    {
      "name": "File 12",
      "logo": "logo1.png",
      "alt": "Logo 1",
      "status": "available",
      "updateDate": "2023-06-08",
      "link": "https://example.com/file1"
    },
    {
      "name": "File 22",
      "logo": "logo2.png",
      "alt": "Logo 2",
      "status": "unavailable",
      "updateDate": "2023-06-07",
      "link": "https://example.com/file2"
    },
    {
      "name": "File 32",
      "logo": "logo3.png",
      "alt": "Logo 3",
      "status": "available",
      "updateDate": "2023-06-06",
      "link": "https://example.com/file3"
    }
  ]
}
